<?xml version="1.0" encoding="UTF-8"?>
<project-private xmlns="http://www.netbeans.org/ns/project-private/1">
    <editor-bookmarks xmlns="http://www.netbeans.org/ns/editor-bookmarks/2" lastBookmarkId="0"/>
    <open-files xmlns="http://www.netbeans.org/ns/projectui-open-files/2">
        <group>
            <file>file:/C:/xampp/htdocs/Cloud_Computing/DisplayFlight.php</file>
            <file>file:/C:/xampp/htdocs/Cloud_Computing/DeleteDF.php</file>
            <file>file:/C:/xampp/htdocs/Cloud_Computing/functions.php</file>
            <file>file:/C:/xampp/htdocs/Cloud_Computing/index.php</file>
            <file>file:/C:/xampp/htdocs/Cloud_Computing/UpdateDF.php</file>
            <file>file:/C:/xampp/htdocs/Cloud_Computing/contact.php</file>
            <file>file:/C:/xampp/htdocs/Cloud_Computing/css/owl-carousel.css</file>
        </group>
    </open-files>
</project-private>
